{
  "0": {
    "precision": 0.9514747859181731,
    "recall": 0.9416195856873822,
    "f1-score": 0.9465215333648841,
    "support": 1062.0
  },
  "1": {
    "precision": 0.8619153674832962,
    "recall": 0.8835616438356164,
    "f1-score": 0.8726042841037204,
    "support": 438.0
  },
  "accuracy": 0.9246666666666666,
  "macro avg": {
    "precision": 0.9066950767007347,
    "recall": 0.9125906147614993,
    "f1-score": 0.9095629087343022,
    "support": 1500.0
  },
  "weighted avg": {
    "precision": 0.925323435735189,
    "recall": 0.9246666666666666,
    "f1-score": 0.9249376965806243,
    "support": 1500.0
  }
}