anomaly_class,Rules only,ML-only,Hybrid
composite,1.0,0.975609756097561,1.0
documentation_quality,0.8059701492537313,0.8805970149253731,0.8656716417910447
logical_inconsistency,1.0,0.1651376146788991,0.8440366972477065
missingness,1.0,0.6805555555555556,0.8958333333333334
plausibility,1.0,0.7142857142857143,0.8701298701298701
