config,precision,recall,f1_score
"{'rf': 0.4, 'anomaly': 0.3, 'rules': 0.2, 'interaction': 0.1}",0.8466522678185745,0.8949771689497716,0.8701442841287459
"{'rf': 0.3, 'anomaly': 0.3, 'rules': 0.3, 'interaction': 0.1}",0.6294498381877023,0.8881278538812786,0.7367424242424242
"{'rf': 0.25, 'anomaly': 0.25, 'rules': 0.25, 'interaction': 0.25}",0.7071823204419889,0.8767123287671232,0.7828746177370031
